experiment_id,description,location,monomer_type,experiment_type,parent,AA_composition,sequences
MYW_33_L,"Papain, 0.1 eq of papain, methyl esterrs. Run wiht 20 min steps.",/mnt/jura/Orbitrap Lumos/Mary/20240605/output/extracted,methyl ester,protease,MYW_33,"G,A,V,H,P","{""0"": ""ripper_20240612_MYW_33_L_20"", ""1"": ""ripper_20240612_MYW_33_L_20+20"", ""2"": ""ripper_20240612_MYW_33_L_20+20+20""}"
MYW_33_R,"Papain, 0.1 eq of papain, methyl esterrs. Run wiht 20 min steps.",/mnt/jura/Orbitrap Lumos/Mary/202406055/output/extracted,methyl ester,protease,MYW_33,"G,A,V,H,P","{""0"": ""ripper_20240612_MYW_33_R_20"", ""1"": ""ripper_20240612_MYW_33_R_20+20"", ""2"": ""ripper_20240612_MYW_33_R_20+20+20""}"
MYW_32_R,Bromelain,/mnt/jura/Orbitrap Lumos/Mary/20240605/output/extracted,methyl ester,protease,MYW_32,"G,A,V,H,P","{""0"": ""ripper_20240605_MYW_32_R_20_20240606122629"", ""1"": ""ripper_20240605_MYW_32_R_20+20"", ""2"": ""ripper_20240605_MYW_32_R_20+20+20""}"
MYW_32_L,Bromelain,/mnt/jura/Orbitrap Lumos/Mary/20240605/output/extracted,methyl ester,protease,MYW_32,"G,A,V,H,P","{""0"": ""ripper_20240605_MYW_32_L_20_20240606115843"", ""1"": ""ripper_20240605_MYW_32_L_20+20_20240606125412"", ""2"": ""ripper_20240605_MYW_32_L_20+20+20""}"
ARM_02_1,"CDI in water,  85perc of recursion.",/mnt/jura/Orbitrap Lumos/Alasdair Macleod/18-07-23/mzml/output/extracted,amino acid,CDIaq,ARM_02,"G,A,V,H,P","{""0"": ""ripper_ARM_02_001"", ""1"": ""ripper_ARM_02_013"", ""2"": ""ripper_ARM_02_025"", ""3"": ""ripper_ARM_02_037"", ""4"": ""ripper_ARM_02_049"", ""5"": ""ripper_ARM_02_061"", ""6"": ""ripper_ARM_02_073"", ""7"": ""ripper_ARM_02_085"", ""8"": ""ripper_ARM_02_097""}"
ARM_07_1,"CDI in water, 85 perc recursion, pH 7.6",/mnt/jura/Orbitrap Lumos/Alasdair Macleod/28-08-23/ARM_07_mzml/output/extracted,amino acid,CDIaq,ARM_07,"G,A,V,H,P","{""0"": ""ripper_ARM_07_01"", ""1"": ""ripper_ARM_07_07"", ""2"": ""ripper_ARM_07_13"", ""3"": ""ripper_ARM_07_19"", ""4"": ""ripper_ARM_07_25"", ""5"": ""ripper_ARM_07_31"", ""6"": ""ripper_ARM_07_37"", ""7"": ""ripper_ARM_07_43""}"
MKJ_56_1,"CDI in water, [G,A,V,H,P] [31:17:18:33:1] 85 perc recursion",/mnt/jura/Orbitrap Lumos/Michael/MKJ_56_2/output/extracted,amino acid,CDIaq,MKJ_56,"G,A,V,H,P","{""0"": ""ripper_MKJ_56_B_01"", ""1"": ""ripper_MKJ_56_B_10"", ""2"": ""ripper_MKJ_56_B_19"", ""3"": ""ripper_MKJ_56_B_28"", ""4"": ""ripper_MKJ_56_B_37"", ""5"": ""ripper_MKJ_56_B_46"", ""6"": ""ripper_MKJ_56_B_55"", ""7"": ""ripper_MKJ_56_B_64"", ""8"": ""ripper_MKJ_56_B_73"", ""9"": ""ripper_MKJ_56_B_82"", ""10"": ""ripper_MKJ_56_B_91""}"
MKJ_56_2,"CDI in water, [G,A,V,H,P] [32:16:15:31:6] 85 perc recursion",/mnt/jura/Orbitrap Lumos/Michael/MKJ_56_2/output/extracted,amino acid,CDIaq,MKJ_56,"G,A,V,H,P","{""0"": ""ripper_MKJ_56_B_02"", ""1"": ""ripper_MKJ_56_B_11"", ""2"": ""ripper_MKJ_56_B_20"", ""3"": ""ripper_MKJ_56_B_29"", ""4"": ""ripper_MKJ_56_B_38"", ""5"": ""ripper_MKJ_56_B_47"", ""6"": ""ripper_MKJ_56_B_56"", ""7"": ""ripper_MKJ_56_B_65"", ""8"": ""ripper_MKJ_56_B_74"", ""9"": ""ripper_MKJ_56_B_83"", ""10"": ""ripper_MKJ_56_B_92""}"
MKJ_56_3,"CDI in water, [G,A,V,H,P] [23:39:4:21:13] 85 perc recursion",/mnt/jura/Orbitrap Lumos/Michael/MKJ_56_2/output/extracted,amino acid,CDIaq,MKJ_56,"G,A,V,H,P","{""0"": ""ripper_MKJ_56_B_03"", ""1"": ""ripper_MKJ_56_B_12"", ""2"": ""ripper_MKJ_56_B_21"", ""3"": ""ripper_MKJ_56_B_30"", ""4"": ""ripper_MKJ_56_B_39"", ""5"": ""ripper_MKJ_56_B_48"", ""6"": ""ripper_MKJ_56_B_57"", ""7"": ""ripper_MKJ_56_B_66"", ""8"": ""ripper_MKJ_56_B_75"", ""9"": ""ripper_MKJ_56_B_84"", ""10"": ""ripper_MKJ_56_B_93""}"
MKJ_56_4,"CDI in water, [G,A,V,H,P] [31:17:18:33:1] 85 perc recursion",/mnt/jura/Orbitrap Lumos/Michael/MKJ_56_2/output/extracted,amino acid,CDIaq,MKJ_56,"G,A,V,H,P","{""0"": ""ripper_MKJ_56_B_04"", ""1"": ""ripper_MKJ_56_B_13"", ""2"": ""ripper_MKJ_56_B_22"", ""3"": ""ripper_MKJ_56_B_31"", ""4"": ""ripper_MKJ_56_B_40"", ""5"": ""ripper_MKJ_56_B_49"", ""6"": ""ripper_MKJ_56_B_58"", ""7"": ""ripper_MKJ_56_B_67"", ""8"": ""ripper_MKJ_56_B_76"", ""9"": ""ripper_MKJ_56_B_85"", ""10"": ""ripper_MKJ_56_B_94""}"
MKJ_56_5,"CDI in water, [G,A,V,H,P] [32:16:15:31:6] 85 perc recursion",/mnt/jura/Orbitrap Lumos/Michael/MKJ_56_2/output/extracted,amino acid,CDIaq,MKJ_56,"G,A,V,H,P","{""0"": ""ripper_MKJ_56_B_05"", ""1"": ""ripper_MKJ_56_B_14"", ""2"": ""ripper_MKJ_56_B_23"", ""3"": ""ripper_MKJ_56_B_32"", ""4"": ""ripper_MKJ_56_B_41"", ""5"": ""ripper_MKJ_56_B_50"", ""6"": ""ripper_MKJ_56_B_59"", ""7"": ""ripper_MKJ_56_B_68"", ""8"": ""ripper_MKJ_56_B_77"", ""9"": ""ripper_MKJ_56_B_86"", ""10"": ""ripper_MKJ_56_B_95""}"
MKJ_56_6,"CDI in water, [G,A,V,H,P] [23:39:4:21:13] 85 perc recursion",/mnt/jura/Orbitrap Lumos/Michael/MKJ_56_2/output/extracted,amino acid,CDIaq,MKJ_56,"G,A,V,H,P","{""0"": ""ripper_MKJ_56_B_06"", ""1"": ""ripper_MKJ_56_B_15"", ""2"": ""ripper_MKJ_56_B_24"", ""3"": ""ripper_MKJ_56_B_33"", ""4"": ""ripper_MKJ_56_B_42"", ""5"": ""ripper_MKJ_56_B_51"", ""6"": ""ripper_MKJ_56_B_60"", ""7"": ""ripper_MKJ_56_B_69"", ""8"": ""ripper_MKJ_56_B_78"", ""9"": ""ripper_MKJ_56_B_87"", ""10"": ""ripper_MKJ_56_B_96""}"
MKJ_56_7,"CDI in water, [G,A,V,H,P] [31:17:18:33:1] 85 perc recursion",/mnt/jura/Orbitrap Lumos/Michael/MKJ_56_2/output/extracted,amino acid,CDIaq,MKJ_56,"G,A,V,H,P","{""0"": ""ripper_MKJ_56_B_07"", ""1"": ""ripper_MKJ_56_B_16"", ""2"": ""ripper_MKJ_56_B_25"", ""3"": ""ripper_MKJ_56_B_34"", ""4"": ""ripper_MKJ_56_B_43"", ""5"": ""ripper_MKJ_56_B_52"", ""6"": ""ripper_MKJ_56_B_61"", ""7"": ""ripper_MKJ_56_B_70"", ""8"": ""ripper_MKJ_56_B_79"", ""9"": ""ripper_MKJ_56_B_88""}"
MKJ_56_8,"CDI in water, [G,A,V,H,P] [32:16:15:31:6] 85 perc recursion",/mnt/jura/Orbitrap Lumos/Michael/MKJ_56_2/output/extracted,amino acid,CDIaq,MKJ_56,"G,A,V,H,P","{""0"": ""ripper_MKJ_56_B_08"", ""1"": ""ripper_MKJ_56_B_17"", ""2"": ""ripper_MKJ_56_B_26"", ""3"": ""ripper_MKJ_56_B_35"", ""4"": ""ripper_MKJ_56_B_44"", ""5"": ""ripper_MKJ_56_B_53"", ""6"": ""ripper_MKJ_56_B_62"", ""7"": ""ripper_MKJ_56_B_71"", ""8"": ""ripper_MKJ_56_B_80"", ""9"": ""ripper_MKJ_56_B_89""}"
MKJ_56_9,"CDI in water, [G,A,V,H,P] [23:39:4:21:13] 85 perc recursion",/mnt/jura/Orbitrap Lumos/Michael/MKJ_56_2/output/extracted,amino acid,CDIaq,MKJ_56,"G,A,V,H,P","{""0"": ""ripper_MKJ_56_B_09"", ""1"": ""ripper_MKJ_56_B_18"", ""2"": ""ripper_MKJ_56_B_27"", ""3"": ""ripper_MKJ_56_B_36"", ""4"": ""ripper_MKJ_56_B_45"", ""5"": ""ripper_MKJ_56_B_54"", ""6"": ""ripper_MKJ_56_B_63"", ""7"": ""ripper_MKJ_56_B_72"", ""8"": ""ripper_MKJ_56_B_81"", ""9"": ""ripper_MKJ_56_B_90""}"
ARM_07_2,"CDI in water, 85perc of recursion, pH 6.5",/mnt/jura/Orbitrap Lumos/Alasdair Macleod/28-08-23/ARM_07_mzml/output/extracted,amino acid,CDIaq,ARM_07,"G,A,V,H,P","{""0"": ""ripper_ARM_07_02"", ""1"": ""ripper_ARM_07_08"", ""2"": ""ripper_ARM_07_14"", ""3"": ""ripper_ARM_07_20"", ""4"": ""ripper_ARM_07_26"", ""5"": ""ripper_ARM_07_32"", ""6"": ""ripper_ARM_07_38"", ""7"": ""ripper_ARM_07_44""}"
ARM_07_3,"CDI in water, 85perc of recursion, pH 5.5",/mnt/jura/Orbitrap Lumos/Alasdair Macleod/28-08-23/ARM_07_mzml/output/extracted,amino acid,CDIaq,ARM_07,"G,A,V,H,P","{""0"": ""ripper_ARM_07_03"", ""1"": ""ripper_ARM_07_09"", ""2"": ""ripper_ARM_07_15"", ""3"": ""ripper_ARM_07_21"", ""4"": ""ripper_ARM_07_27"", ""5"": ""ripper_ARM_07_33"", ""6"": ""ripper_ARM_07_39"", ""7"": ""ripper_ARM_07_45""}"
ARM_07_4,"CDI in water, 85 perc recursion, pH 7.6",/mnt/jura/Orbitrap Lumos/Alasdair Macleod/28-08-23/ARM_07_mzml/output/extracted,amino acid,CDIaq,ARM_07,"G,A,V,H,P","{""0"": ""ripper_ARM_07_04"", ""1"": ""ripper_ARM_07_10"", ""2"": ""ripper_ARM_07_16"", ""3"": ""ripper_ARM_07_22"", ""4"": ""ripper_ARM_07_28"", ""5"": ""ripper_ARM_07_34"", ""6"": ""ripper_ARM_07_40"", ""7"": ""ripper_ARM_07_46""}"
ARM_07_5,"CDI in water, 85perc of recursion, pH 6.5",/mnt/jura/Orbitrap Lumos/Alasdair Macleod/28-08-23/ARM_07_mzml/output/extracted,amino acid,CDIaq,ARM_07,"G,A,V,H,P","{""0"": ""ripper_ARM_07_05"", ""1"": ""ripper_ARM_07_11"", ""2"": ""ripper_ARM_07_17"", ""3"": ""ripper_ARM_07_23"", ""4"": ""ripper_ARM_07_29"", ""5"": ""ripper_ARM_07_35"", ""6"": ""ripper_ARM_07_41""}"
ARM_07_6,"CDI in water, 85perc of recursion, pH 5.5",/mnt/jura/Orbitrap Lumos/Alasdair Macleod/28-08-23/ARM_07_mzml/output/extracted,amino acid,CDIaq,ARM_07,"G,A,V,H,P","{""0"": ""ripper_ARM_07_06"", ""1"": ""ripper_ARM_07_12"", ""2"": ""ripper_ARM_07_18"", ""3"": ""ripper_ARM_07_24"", ""4"": ""ripper_ARM_07_30"", ""5"": ""ripper_ARM_07_36"", ""6"": ""ripper_ARM_07_42""}"
ARM_02_2,"CDI in water, 85perc of recursion.",/mnt/jura/Orbitrap Lumos/Alasdair Macleod/18-07-23/mzml/output/extracted,amino acid,CDIaq,ARM_02,"G,A,V,H,P","{""0"": ""ripper_ARM_02_002"", ""1"": ""ripper_ARM_02_014"", ""2"": ""ripper_ARM_02_026"", ""3"": ""ripper_ARM_02_038"", ""4"": ""ripper_ARM_02_050"", ""5"": ""ripper_ARM_02_062"", ""6"": ""ripper_ARM_02_074"", ""7"": ""ripper_ARM_02_086"", ""8"": ""ripper_ARM_02_098""}"
ARM_02_3,"CDI in water, 85perc of recursion.",/mnt/jura/Orbitrap Lumos/Alasdair Macleod/18-07-23/mzml/output/extracted,amino acid,CDIaq,ARM_02,"G,A,V,H,P","{""0"": ""ripper_ARM_02_003"", ""1"": ""ripper_ARM_02_015"", ""2"": ""ripper_ARM_02_027"", ""3"": ""ripper_ARM_02_039"", ""4"": ""ripper_ARM_02_051"", ""5"": ""ripper_ARM_02_063"", ""6"": ""ripper_ARM_02_075"", ""7"": ""ripper_ARM_02_087"", ""8"": ""ripper_ARM_02_099""}"
MYW_20_R,CDI in solid.,/mnt/jura/Orbitrap Lumos/Mary/MYW_20/output/extracted,amino acid,CDIs,MYW_20,"G,A,V,H,P","{""0"": ""ripper_MYW_20R_1"", ""1"": ""ripper_MYW_20R_2"", ""2"": ""ripper_MYW_20R_3"", ""3"": ""ripper_MYW_20R_4"", ""4"": ""ripper_MYW_20R_5"", ""5"": ""ripper_MYW_20R_6""}"
MYW_20_L,CDI in solid.,/mnt/jura/Orbitrap Lumos/Mary/MYW_20/output/extracted,amino acid,CDIs,MYW_20,"G,A,V,H,P","{""0"": ""ripper_MYW_20L_1"", ""1"": ""ripper_MYW_20L_2"", ""2"": ""ripper_MYW_20L_3"", ""3"": ""ripper_MYW_20L_4"", ""4"": ""ripper_MYW_20L_5"", ""5"": ""ripper_MYW_20L_6""}"
MYW_21_L,CDI in solid.,/mnt/jura/Orbitrap Lumos/Mary/MYW_21/output/extracted,amino acid,CDIs,MYW_21,"G,A,V,H,P","{""0"": ""ripper_MYW_21_L1"", ""1"": ""ripper_MYW_21_L2"", ""2"": ""ripper_MYW_21_L3"", ""3"": ""ripper_MYW_21_L4"", ""4"": ""ripper_MYW_21_L5"", ""5"": ""ripper_MYW_21_L6""}"
MYW_21_R,CDI in solid.,/mnt/jura/Orbitrap Lumos/Mary/MYW_21/output/extracted,amino acid,CDIs,MYW_21,"G,A,V,H,P","{""0"": ""ripper_MYW_21_R1"", ""1"": ""ripper_MYW_21_R2"", ""2"": ""ripper_MYW_21_R3"", ""3"": ""ripper_MYW_21_R4"", ""4"": ""ripper_MYW_21_R5"", ""5"": ""ripper_MYW_21_R6""}"
MYW_27,Papain,/mnt/jura/Orbitrap Lumos/Mary/20240503/output/extracted,methyl ester,protease,MYW_27,"G,A,V,H,P","{""0"": ""ripper_MYW_27_2_L10"", ""1"": ""ripper_MYW_27_2_L10+30"", ""2"": ""ripper_MYW_27_2_L10+30+90_acn_h2""}"
MYW_34_L,Papain,/mnt/jura/Orbitrap Lumos/Mary/20240705/output/extracted,methyl ester,protease,MYW_34_and_35,"G,A,V,H,P","{""0"": ""ripper_20240704_MYW_34_L_1_20240704175359"", ""1"": ""ripper_20240704_MYW_34_L_2"", ""2"": ""ripper_20240704_MYW_34_L_3"", ""3"": ""ripper_20240704_MYW_34_L_4"", ""4"": ""ripper_20240704_MYW_34_L_5"", ""5"": ""ripper_20240704_MYW_34_L_6""}"
MYW_34_R,Papain,/mnt/jura/Orbitrap Lumos/Mary/20240705/output/extracted,methyl ester,protease,MYW_34_and_35,"G,A,V,H,P","{""0"": ""ripper_20240704_MYW_34_R_1"", ""1"": ""ripper_20240704_MYW_34_R_2"", ""2"": ""ripper_20240704_MYW_34_R_3"", ""3"": ""ripper_20240704_MYW_34_R_4"", ""4"": ""ripper_20240704_MYW_34_R_5"", ""5"": ""ripper_20240612_MYW_34_R_6""}"
MYW_35_R,Bromelain,/mnt/jura/Orbitrap Lumos/Mary/20240705/output/extracted,methyl ester,protease,MYW_34_and_35,"G,A,V,H,P","{""0"": ""ripper_20240704_MYW_35_R_1"", ""1"": ""ripper_20240704_MYW_35_R_2"", ""2"": ""ripper_20240704_MYW_35_R_3"", ""3"": ""ripper_20240704_MYW_35_R_4"", ""4"": ""ripper_20240704_MYW_35_R_5"", ""5"": ""ripper_20240612_MYW_35_R_6""}"
MYW_35_L,Bromelain,/mnt/jura/Orbitrap Lumos/Mary/20240705/output/extracted,methyl ester,protease,MYW_34_and_35,"G,A,V,H,P","{""0"": ""ripper_20240704_MYW_35_L_1"", ""1"": ""ripper_20240704_MYW_35_L_2"", ""2"": ""ripper_20240704_MYW_35_L_3"", ""3"": ""ripper_20240704_MYW_35_L_4"", ""4"": ""ripper_20240704_MYW_35_L_5"", ""5"": ""ripper_20240704_MYW_35_L_6""}"
MYW_31_R,Bromelain,/mnt/jura/Orbitrap Lumos/Mary/20240522/output/extracted,methyl ester,protease,MYW_31,"G,A,V,H,P","{""0"": ""ripper_20240522_MYW_31_R_20"", ""1"": ""ripper_20240522_MYW_31_R_20+20"", ""2"": ""ripper_20240522_MYW_31_R_20+20+20""}"
MKJ_43,wet-dry,/mnt/jura/MJ_data/MKJ_43/output/extracted,amino acid,wet-dry,MKJ_43,"G,A,V,H,P","{""0"": ""ripper_MKJ_43_1"", ""1"": ""ripper_MKJ_43_2"", ""2"": ""ripper_MKJ_43_3"", ""3"": ""ripper_MKJ_43_4"", ""4"": ""ripper_MKJ_43_5"", ""5"": ""ripper_MKJ_43_6"", ""6"": ""ripper_MKJ_43_7"", ""7"": ""ripper_MKJ_43_8"", ""8"": ""ripper_MKJ_43_9"", ""9"": ""ripper_MKJ_43_10"", ""10"": ""ripper_MKJ_43_11"", ""11"": ""ripper_MKJ_43_12"", ""12"": ""ripper_MKJ_43_13"", ""13"": ""ripper_MKJ_43_14"", ""14"": ""ripper_MKJ_43_15"", ""15"": ""ripper_MKJ_43_16"", ""16"": ""ripper_MKJ_43_17"", ""17"": ""ripper_MKJ_43_18"", ""18"": ""ripper_MKJ_43_19"", ""19"": ""ripper_MKJ_43_20"", ""20"": ""ripper_MKJ_43_21"", ""21"": ""ripper_MKJ_43_22"", ""22"": ""ripper_MKJ_43_23"", ""23"": ""ripper_MKJ_43_24"", ""24"": ""ripper_MKJ_43_25"", ""25"": ""ripper_MKJ_43_26"", ""26"": ""ripper_MKJ_43_27"", ""27"": ""ripper_MKJ_43_28"", ""28"": ""ripper_MKJ_43_29"", ""29"": ""ripper_MKJ_43_30"", ""30"": ""ripper_MKJ_43_31"", ""31"": ""ripper_MKJ_43_32"", ""32"": ""ripper_MKJ_43_33"", ""33"": ""ripper_MKJ_43_34"", ""34"": ""ripper_MKJ_43_35"", ""35"": ""ripper_MKJ_43_36"", ""36"": ""ripper_MKJ_43_37"", ""37"": ""ripper_MKJ_43_38"", ""38"": ""ripper_MKJ_43_39"", ""39"": ""ripper_MKJ_43_40"", ""40"": ""ripper_MKJ_43_41"", ""41"": ""ripper_MKJ_43_42"", ""42"": ""ripper_MKJ_43_43"", ""43"": ""ripper_MKJ_43_44"", ""44"": ""ripper_MKJ_43_45"", ""45"": ""ripper_MKJ_43_46"", ""46"": ""ripper_MKJ_43_47"", ""47"": ""ripper_MKJ_43_48"", ""48"": ""ripper_MKJ_43_49"", ""49"": ""ripper_MKJ_43_50"", ""50"": ""ripper_MKJ_43_51"", ""51"": ""ripper_MKJ_43_52"", ""52"": ""ripper_MKJ_43_53"", ""53"": ""ripper_MKJ_43_54"", ""54"": ""ripper_MKJ_43_55"", ""55"": ""ripper_MKJ_43_56"", ""56"": ""ripper_MKJ_43_57"", ""57"": ""ripper_MKJ_43_58"", ""58"": ""ripper_MKJ_43_59"", ""59"": ""ripper_MKJ_43_60""}"
JRM_04_1,wet-dry,/mnt/jura/Orbitrap Lumos/Michael/JRM_04/output/extracted,amino acid,wet-dry,JRM_04,"V,O,D","{""0"": ""ripper_JRM_04_A1_Dilute"", ""1"": ""ripper_JRM_04_A2_Dilute"", ""2"": ""ripper_JRM_04_A3_Dilute"", ""3"": ""ripper_JRM_04_A4_Dilute"", ""4"": ""ripper_JRM_04_A5_Dilute"", ""5"": ""ripper_JRM_04_A6_Dilute"", ""6"": ""ripper_JRM_04_A7_Dilute"", ""7"": ""ripper_JRM_04_A8_Dilute"", ""8"": ""ripper_JRM_04_A9_Dilute"", ""9"": ""ripper_JRM_04_A10_Dilute""}"
JRM_09,wet-dry,/mnt/jura/Orbitrap Lumos/Michael/JRM_10/20240229/JRM_09/output/extracted,amino acid,wet-dry,JRM_09,"F,E,R","{""0"": ""ripper_JRM_09_A4"", ""1"": ""ripper_JRM_09_A5"", ""2"": ""ripper_JRM_09_A6"", ""3"": ""ripper_JRM_09_C5"", ""4"": ""ripper_JRM_09_C6"", ""5"": ""ripper_JRM_09_C7""}"
MYW_38_L,Chymotrypsin,/mnt/jura/Orbitrap Lumos/Mary/20240801/output/extracted,methyl ester,protease,MYW_38,"G,A,V,H,P","{""0"": ""ripper_20240801_MYW_38_L_1"", ""1"": ""ripper_20240801_MYW_38_L_2_20240802103520"", ""2"": ""ripper_20240801_MYW_38_L_3"", ""3"": ""ripper_20240801_MYW_38_L_4"", ""4"": ""ripper_20240801_MYW_38_L_5"", ""5"": ""ripper_20240801_MYW_38_L_6""}"
JRM_06_A3,wet-dry,/mnt/jura/Orbitrap Lumos/Michael/JRM_06/20231201/output/extracted,amino acid,wet-dry,JRM_06,"F,H,G,A,E","{""0"": ""ripper_JRM06_a3_1"", ""1"": ""ripper_JRM06_a3_2"", ""2"": ""ripper_JRM06_a3_3"", ""3"": ""ripper_JRM06_a3_4"", ""4"": ""ripper_JRM06_a3_5"", ""5"": ""ripper_JRM06_a3_6""}"
JRM_06_A5,wet-dry,/mnt/jura/Orbitrap Lumos/Michael/JRM_06/20231201/output/extracted,amino acid,wet-dry,JRM_06,"C,G,A,E,P","{""0"": ""ripper_JRM06_a5_1"", ""1"": ""ripper_JRM06_a5_2"", ""2"": ""ripper_JRM06_a5_3"", ""3"": ""ripper_JRM06_a5_4"", ""4"": ""ripper_JRM06_a5_5"", ""5"": ""ripper_JRM06_a5_6""}"
JRM_06_B2,wet-dry,/mnt/jura/Orbitrap Lumos/Michael/JRM_06/20231201/output/extracted,amino acid,wet-dry,JRM_06,"H,G,A,E,P","{""0"": ""ripper_JRM06_b2_1"", ""1"": ""ripper_JRM06_b2_2"", ""2"": ""ripper_JRM06_b2_3"", ""3"": ""ripper_JRM06_b2_4"", ""4"": ""ripper_JRM06_b2_5"", ""5"": ""ripper_JRM06_b2_6""}"
JRM_06_C2,wet-dry,/mnt/jura/Orbitrap Lumos/Michael/JRM_06/20231201/output/extracted,amino acid,wet-dry,JRM_06,"W,G,A,E,P","{""0"": ""ripper_JRM06_c2_1"", ""1"": ""ripper_JRM06_c2_2"", ""2"": ""ripper_JRM06_c2_3"", ""3"": ""ripper_JRM06_c2_4"", ""4"": ""ripper_JRM06_c2_5"", ""5"": ""ripper_JRM06_c2_6""}"
JRM_06_C5,wet-dry,/mnt/jura/Orbitrap Lumos/Michael/JRM_06/20231201/output/extracted,amino acid,wet-dry,JRM_06,"F,G,A,E,P","{""0"": ""ripper_JRM06_c5_1"", ""1"": ""ripper_JRM06_c5_2"", ""2"": ""ripper_JRM06_c5_3"", ""3"": ""ripper_JRM06_c5_4"", ""4"": ""ripper_JRM06_c5_5"", ""5"": ""ripper_JRM06_c5_6""}"
MKJ_59_1,wet-dry,/mnt/jura/Orbitrap Lumos/Michael/MKJ_59/output/extracted,amino acid,wet-dry,MKJ_59,"G,D,H,S","{""0"": ""ripper_MKJ_59_A1"", ""1"": ""ripper_MKJ_59_A4"", ""2"": ""ripper_MKJ_59_A7"", ""3"": ""ripper_MKJ_59_B1"", ""4"": ""ripper_MKJ_59_B4"", ""5"": ""ripper_MKJ_59_B7"", ""6"": ""ripper_MKJ_59_C2"", ""7"": ""ripper_MKJ_59_C5""}"
MKJ_59_2,wet-dry,/mnt/jura/Orbitrap Lumos/Michael/MKJ_59/output/extracted,amino acid,wet-dry,MKJ_59,"G,D,H,S","{""0"": ""ripper_MKJ_59_A2"", ""1"": ""ripper_MKJ_59_A5"", ""2"": ""ripper_MKJ_59_A8"", ""3"": ""ripper_MKJ_59_B2"", ""4"": ""ripper_MKJ_59_B5"", ""5"": ""ripper_MKJ_59_B8"", ""6"": ""ripper_MKJ_59_C3"", ""7"": ""ripper_MKJ_59_C6""}"
MKJ_59_3,wet-dry,/mnt/jura/Orbitrap Lumos/Michael/MKJ_59/output/extracted,amino acid,wet-dry,MKJ_59,"G,D,H,S","{""0"": ""ripper_MKJ_59_A3"", ""1"": ""ripper_MKJ_59_A6"", ""2"": ""ripper_MKJ_59_A9"", ""3"": ""ripper_MKJ_59_B3"", ""4"": ""ripper_MKJ_59_B6"", ""5"": ""ripper_MKJ_59_C1"", ""6"": ""ripper_MKJ_59_C4""}"
MYW_39_1,Trypsin,/mnt/orkney/Michael/tempo/output/extracted,methyl ester,protease,MYW_39,"G,A,V,H,P","{""0"": ""ripper_MYW_39_L_1_no_enzyme"", ""1"": ""ripper_MYW_39_L_2"", ""2"": ""ripper_MYW_39_L_3"", ""3"": ""ripper_MYW_39_L_4"", ""4"": ""ripper_MYW_39_L_5"", ""5"": ""ripper_MYW_39_L_6""}"
MYW_39_2,Chymotrypsin,/mnt/orkney/Michael/tempo/output/extracted,methyl ester,protease,MYW_39,"G,A,V,H,P","{""0"": ""ripper_MYW_39_R_1"", ""1"": ""ripper_MYW_39_R_2"", ""2"": ""ripper_MYW_39_R_3"", ""3"": ""ripper_MYW_39_R_4"", ""4"": ""ripper_MYW_39_R_5"", ""5"": ""ripper_MYW_39_R_6""}"
ARM_06,wet-dry,/mnt/jura/Orbitrap Lumos/Alasdair Macleod/Selection Engine/21-08-23/output/extracted,amino acid,wet-dry,ARM_06,"F,E,R","{""0"": ""ripper_ARM_06_01"", ""1"": ""ripper_ARM_06_02"", ""2"": ""ripper_ARM_06_03""}"
MYW_37_L,Trypsin,/mnt/jura/Orbitrap Lumos/Mary/20240716/output/extracted,methyl ester,protease,MYW_37,"G,A,V,H,P","{""0"": ""ripper_20240716_MYW_37_L_1"", ""1"": ""ripper_20240716_MYW_37_L_2"", ""2"": ""ripper_20240716_MYW_37_L_3"", ""3"": ""ripper_20240716_MYW_37_L_4"", ""4"": ""ripper_20240716_MYW_37_L_5"", ""5"": ""ripper_20240716_MYW_37_L_6""}"
MYW_37_R,Chymotrypsin,/mnt/jura/Orbitrap Lumos/Mary/20240716/output/extracted,methyl ester,protease,MYW_37,"G,A,V,H,P","{""0"": ""ripper_20240716_MYW_37_R_1"", ""1"": ""ripper_20240716_MYW_37_R_2"", ""2"": ""ripper_20240716_MYW_37_R_3"", ""3"": ""ripper_20240716_MYW_37_R_4"", ""4"": ""ripper_20240716_MYW_37_R_5"", ""5"": ""ripper_20240716_MYW_37_R_6""}"
JRM_02_A,wet-dry,/mnt/jura/Orbitrap Lumos/Alasdair Macleod/19-10-23/output/extracted,amino acid,wet-dry,JRM_02,"F,E,R","{""0"": ""ripper_JRM_02_01a_H2O"", ""1"": ""ripper_JRM_02_02a_H2O"", ""2"": ""ripper_JRM_02_03a_H2O"", ""3"": ""ripper_JRM_02_04a_H2O"", ""4"": ""ripper_JRM_02_05a_H2O""}"
JRM_02_B,wet-dry,/mnt/jura/Orbitrap Lumos/Alasdair Macleod/19-10-23/output/extracted,amino acid,wet-dry,JRM_02,"F,E,R","{""0"": ""ripper_JRM_02_01b_H2O"", ""1"": ""ripper_JRM_02_02b_H2O"", ""2"": ""ripper_JRM_02_03b_H2O"", ""3"": ""ripper_JRM_02_04b_H2O"", ""4"": ""ripper_JRM_02_05b_H2O""}"
JRM_03_A,wet-dry,/mnt/jura/Orbitrap Lumos/Michael/JRM_03/output/extracted,amino acid,wet-dry,JRM_03,"V,O,D","{""0"": ""ripper_JRM_03_A01_Dilute"", ""1"": ""ripper_JRM_03_A02_Dilute"", ""2"": ""ripper_JRM_03_A03_Dilute"", ""3"": ""ripper_JRM_03_A04_Dilute"", ""4"": ""ripper_JRM_03_A05_Dilute"", ""5"": ""ripper_JRM_03_A06_Dilute"", ""6"": ""ripper_JRM_03_A07_Dilute"", ""7"": ""ripper_JRM_03_A08_Dilute"", ""8"": ""ripper_JRM_03_A09_Dilute"", ""9"": ""ripper_JRM_03_A10_Dilute""}"
JRM_03_B,wet-dry,/mnt/jura/Orbitrap Lumos/Michael/JRM_03/output/extracted,amino acid,wet-dry,JRM_03,"V,O,D","{""0"": ""ripper_JRM_03_B01_Dilute"", ""1"": ""ripper_JRM_03_B02_Dilute"", ""2"": ""ripper_JRM_03_B03_Dilute"", ""3"": ""ripper_JRM_03_B04_Dilute"", ""4"": ""ripper_JRM_03_B05_Dilute"", ""5"": ""ripper_JRM_03_B06_Dilute"", ""6"": ""ripper_JRM_03_B07_Dilute"", ""7"": ""ripper_JRM_03_B08_Dilute"", ""8"": ""ripper_JRM_03_B09_Dilute"", ""9"": ""ripper_JRM_03_B10_Dilute""}"
MKJ_55,"exploration 60 vials, CDI, G,A,V,H,P,S,R,M",/mnt/jura/Orbitrap Lumos/Michael/MKJ_55/mzml/output/extracted,amino acid,CDIaq,MKJ_55,"G,A,V,H,P,S,R,M","{""0"": ""ripper_MKJ_55_01"", ""1"": ""ripper_MKJ_55_02"", ""2"": ""ripper_MKJ_55_03"", ""3"": ""ripper_MKJ_55_04"", ""4"": ""ripper_MKJ_55_05"", ""5"": ""ripper_MKJ_55_06"", ""6"": ""ripper_MKJ_55_07"", ""7"": ""ripper_MKJ_55_08"", ""8"": ""ripper_MKJ_55_09"", ""9"": ""ripper_MKJ_55_10"", ""10"": ""ripper_MKJ_55_11"", ""11"": ""ripper_MKJ_55_12"", ""12"": ""ripper_MKJ_55_13"", ""13"": ""ripper_MKJ_55_14"", ""14"": ""ripper_MKJ_55_15"", ""15"": ""ripper_MKJ_55_16"", ""16"": ""ripper_MKJ_55_17"", ""17"": ""ripper_MKJ_55_18"", ""18"": ""ripper_MKJ_55_19"", ""19"": ""ripper_MKJ_55_20"", ""20"": ""ripper_MKJ_55_21"", ""21"": ""ripper_MKJ_55_22"", ""22"": ""ripper_MKJ_55_23"", ""23"": ""ripper_MKJ_55_24"", ""24"": ""ripper_MKJ_55_25"", ""25"": ""ripper_MKJ_55_26"", ""26"": ""ripper_MKJ_55_27"", ""27"": ""ripper_MKJ_55_28"", ""28"": ""ripper_MKJ_55_29"", ""29"": ""ripper_MKJ_55_30"", ""30"": ""ripper_MKJ_55_31"", ""31"": ""ripper_MKJ_55_32"", ""32"": ""ripper_MKJ_55_33"", ""33"": ""ripper_MKJ_55_34"", ""34"": ""ripper_MKJ_55_35"", ""35"": ""ripper_MKJ_55_36"", ""36"": ""ripper_MKJ_55_37"", ""37"": ""ripper_MKJ_55_38"", ""38"": ""ripper_MKJ_55_39"", ""39"": ""ripper_MKJ_55_40"", ""40"": ""ripper_MKJ_55_41"", ""41"": ""ripper_MKJ_55_42"", ""42"": ""ripper_MKJ_55_43"", ""43"": ""ripper_MKJ_55_44"", ""44"": ""ripper_MKJ_55_45"", ""45"": ""ripper_MKJ_55_46"", ""46"": ""ripper_MKJ_55_47"", ""47"": ""ripper_MKJ_55_48"", ""48"": ""ripper_MKJ_55_49"", ""49"": ""ripper_MKJ_55_50"", ""50"": ""ripper_MKJ_55_51"", ""51"": ""ripper_MKJ_55_52"", ""52"": ""ripper_MKJ_55_53"", ""53"": ""ripper_MKJ_55_54"", ""54"": ""ripper_MKJ_55_55"", ""55"": ""ripper_MKJ_55_56"", ""56"": ""ripper_MKJ_55_57"", ""57"": ""ripper_MKJ_55_58"", ""58"": ""ripper_MKJ_55_59"", ""59"": ""ripper_MKJ_55_60""}"
MKJ_53,CDI in water,/mnt/jura/Orbitrap Lumos/Michael/MKJ_53/output/extracted,amino acid,wet-dry,MKJ_53,"F,R,E,D","{""0"": ""ripper_MKJ_53_01"", ""1"": ""ripper_MKJ_53_02"", ""2"": ""ripper_MKJ_53_03"", ""3"": ""ripper_MKJ_53_04"", ""4"": ""ripper_MKJ_53_05"", ""5"": ""ripper_MKJ_53_06"", ""6"": ""ripper_MKJ_53_07"", ""7"": ""ripper_MKJ_53_08"", ""8"": ""ripper_MKJ_53_09"", ""9"": ""ripper_MKJ_53_10"", ""10"": ""ripper_MKJ_53_11"", ""11"": ""ripper_MKJ_53_12"", ""12"": ""ripper_MKJ_53_13"", ""13"": ""ripper_MKJ_53_14"", ""14"": ""ripper_MKJ_53_15"", ""15"": ""ripper_MKJ_53_16"", ""16"": ""ripper_MKJ_53_17"", ""17"": ""ripper_MKJ_53_18"", ""18"": ""ripper_MKJ_53_19"", ""19"": ""ripper_MKJ_53_20"", ""20"": ""ripper_MKJ_53_21"", ""21"": ""ripper_MKJ_53_22"", ""22"": ""ripper_MKJ_53_23"", ""23"": ""ripper_MKJ_53_24""}"
SAM_1_13,wet-dry,/mnt/jura/Orbitrap Lumos/Michael/SAM_1_13/output/extracted,amino acid,wet-dry,SAM_1_13,"G,H,S,D","{""0"": ""ripper_SAM_1_14_B2"", ""1"": ""ripper_SAM_1_14_B3"", ""2"": ""ripper_SAM_1_14_B4"", ""3"": ""ripper_SAM_1_14_B5"", ""4"": ""ripper_SAM_1_14_B6""}"
SAM_1_15,wet-dry,/mnt/jura/Orbitrap Lumos/Michael/SAM_1_15/output/extracted,amino acid,wet-dry,SAM_1_15,"G,H,S,D","{""0"": ""ripper_SAM_1_15_C4"", ""1"": ""ripper_SAM_1_15_C5"", ""2"": ""ripper_SAM_1_15_C6"", ""3"": ""ripper_SAM_1_15_C7"", ""4"": ""ripper_SAM_1_15_C8""}"
SAM_1_16_1,wet-dry,/mnt/jura/Orbitrap Lumos/Michael/SAM_1_16/Outputs,amino acid,wet-dry,SAM_1_16,"S,H","{""0"": ""ripper_SAM1-16_A1"", ""1"": ""ripper_SAM1-16_A6"", ""2"": ""ripper_SAM1-16_B2"", ""3"": ""ripper_SAM1-16_B7"", ""4"": ""ripper_SAM1-16_C4"", ""5"": ""ripper_SAM1-16_C9""}"
SAM_1_16_2,wet-dry,/mnt/jura/Orbitrap Lumos/Michael/SAM_1_16/Outputs,amino acid,wet-dry,SAM_1_16,"S,H,D","{""0"": ""ripper_SAM1-16_A2"", ""1"": ""ripper_SAM1-16_A7"", ""2"": ""ripper_SAM1-16_B3"", ""3"": ""ripper_SAM1-16_B8"", ""4"": ""ripper_SAM1-16_C5"", ""5"": ""ripper_SAM1-16_D1""}"
SAM_1_16_3,wet-dry,/mnt/jura/Orbitrap Lumos/Michael/SAM_1_16/Outputs,amino acid,wet-dry,SAM_1_16,"S,H,G","{""0"": ""ripper_SAM1-16_A3"", ""1"": ""ripper_SAM1-16_A8"", ""2"": ""ripper_SAM1-16_B4"", ""3"": ""ripper_SAM1-16_C1"", ""4"": ""ripper_SAM1-16_C6"", ""5"": ""ripper_SAM1-16_D2""}"
SAM_1_16_4,wet-dry,/mnt/jura/Orbitrap Lumos/Michael/SAM_1_16/Outputs,amino acid,wet-dry,SAM_1_16,"S,H,D,G","{""0"": ""ripper_SAM1-16_A4"", ""1"": ""ripper_SAM1-16_A9"", ""2"": ""ripper_SAM1-16_B5"", ""3"": ""ripper_SAM1-16_C2"", ""4"": ""ripper_SAM1-16_C7"", ""5"": ""ripper_SAM1-16_D3""}"
SAM_1_16_5,wet-dry,/mnt/jura/Orbitrap Lumos/Michael/SAM_1_16/Outputs,amino acid,wet-dry,SAM_1_16,"D,G","{""0"": ""ripper_SAM1-16_A5"", ""1"": ""ripper_SAM1-16_B1"", ""2"": ""ripper_SAM1-16_B6"", ""3"": ""ripper_SAM1-16_C3"", ""4"": ""ripper_SAM1-16_C8"", ""5"": ""ripper_SAM1-16_D4""}"
MKJ_58_1,wet-dry,/mnt/jura/Orbitrap Lumos/Michael/MKJ_58/output/extracted,amino acid,wet-dry,MKJ_58,"G,A,V,H,P","{'0': 'ripper_MKJ_58_A1', '1': 'ripper_MKJ_58_A4', '2': 'ripper_MKJ_58_A7', '3': 'ripper_MKJ_58_B1', '4': 'ripper_MKJ_58_B4', '5': 'ripper_MKJ_58_B7', '6': 'ripper_MKJ_58_C2', '7': 'ripper_MKJ_58_C5', '8': 'ripper_MKJ_58_C8', '9': 'ripper_MKJ_58_D2'}"
MKJ_58_2,wet-dry,/mnt/jura/Orbitrap Lumos/Michael/MKJ_58/output/extracted,amino acid,wet-dry,MKJ_58,"G,A,V,H,P","{'0': 'ripper_MKJ_58_A2', '1': 'ripper_MKJ_58_A5', '2': 'ripper_MKJ_58_A8', '3': 'ripper_MKJ_58_B2', '4': 'ripper_MKJ_58_B5', '5': 'ripper_MKJ_58_B8', '6': 'ripper_MKJ_58_C3', '7': 'ripper_MKJ_58_C6', '8': 'ripper_MKJ_58_C9', '9': 'ripper_MKJ_58_D3'}"
MKJ_58_3,wet-dry,/mnt/jura/Orbitrap Lumos/Michael/MKJ_58/output/extracted,amino acid,wet-dry,MKJ_58,"G,A,V,H,P","{'0': 'ripper_MKJ_58_A3', '1': 'ripper_MKJ_58_A6', '2': 'ripper_MKJ_58_A9', '3': 'ripper_MKJ_58_B3', '4': 'ripper_MKJ_58_B6', '5': 'ripper_MKJ_58_C1', '6': 'ripper_MKJ_58_C4', '7': 'ripper_MKJ_58_C7', '8': 'ripper_MKJ_58_D1', '9': 'ripper_MKJ_58_D4'}"
MYW_38_R,Chymotrypsin,/mnt/jura/Orbitrap Lumos/Mary/20240801/output/extracted,methyl ester,protease,MYW_38,"G,A,V,H,P","{""0"": ""ripper_20240801_MYW_38_R_1"", ""1"": ""ripper_20240801_MYW_38_R_2"", ""2"": ""ripper_20240801_MYW_38_R_3"", ""3"": ""ripper_20240801_MYW_38_R_4"", ""4"": ""ripper_20240801_MYW_38_R_5"", ""5"": ""ripper_20240801_MYW_38_R_6""}"
