selective_fac,string_data,pathway_files,diversity,complexity,observed_nodes,all_nodes,exploration_ratio,A,max_MA,errors
SelectiveFac_1,string_data_1,3476,3476,2214,3476,3731,0.931653712141517,105.88671333626432,8,0
SelectiveFac_1,string_data_2,3481,3481,2259,3481,3766,0.9243228890069038,97.14179514339759,8,0
SelectiveFac_1,string_data_3,3443,3443,2429,3443,3726,0.9240472356414385,100.81563527165437,8,0
SelectiveFac_1,string_data_4,3484,3484,2372,3484,3780,0.9216931216931217,111.44236859377789,9,0
SelectiveFac_1,string_data_5,3455,3455,2242,3455,3730,0.9262734584450402,98.25511515953376,9,0
SelectiveFac_1,string_data_6,3454,3454,2231,3454,3718,0.9289940828402367,100.1956224447491,9,0
SelectiveFac_1,string_data_7,3487,3487,2286,3487,3781,0.922242792911928,97.22100413306761,8,0
SelectiveFac_1,string_data_8,3494,3494,2282,3494,3767,0.9275285372975843,108.28788600443075,9,0
SelectiveFac_1,string_data_9,3437,3437,2241,3437,3701,0.9286679275871386,101.067201243012,9,0
SelectiveFac_1,string_data_10,3455,3455,2254,3455,3719,0.9290131755848346,100.7888062653556,9,0
SelectiveFac_1,string_data_11,3455,3455,2326,3455,3736,0.9247858672376874,97.9496586082705,9,0
SelectiveFac_1,string_data_12,3430,3430,2159,3430,3679,0.9323185648273987,100.35994081093025,8,0
SelectiveFac_1,string_data_13,3464,3464,2208,3464,3724,0.9301825993555317,100.63525318319893,9,0
SelectiveFac_1,string_data_14,3436,3436,2149,3436,3684,0.9326818675352877,99.71562223468503,9,0
SelectiveFac_1,string_data_15,3453,3453,2279,3453,3726,0.926731078904992,102.60856074337151,8,0
SelectiveFac_1,string_data_16,3434,3434,2257,3434,3699,0.9283590159502568,97.70315411509179,8,0
SelectiveFac_10,string_data_1,14647,14647,35427,14647,18548,0.7896808281216303,1424.9233456774778,14,0
SelectiveFac_10,string_data_2,14518,14518,35269,14518,18505,0.78454471764388,1630.6396048803933,14,0
SelectiveFac_10,string_data_3,14665,14665,35653,14665,18686,0.7848121588354918,1613.8307847963542,14,0
SelectiveFac_10,string_data_4,14550,14550,35719,14550,18639,0.7806212779655561,3911.4333589577623,17,0
SelectiveFac_10,string_data_5,14500,14500,35097,14500,18309,0.7919602381342509,1337.489531802088,13,0
SelectiveFac_10,string_data_6,14690,14690,35798,14690,18797,0.781507687396925,1824.752439231136,15,0
SelectiveFac_10,string_data_7,14642,14642,35828,14642,18668,0.7843368330833512,1308.4071073829543,13,0
SelectiveFac_10,string_data_8,14605,14605,35211,14605,18525,0.7883940620782726,1260.5443793322595,12,0
SelectiveFac_10,string_data_9,14507,14507,34813,14507,18237,0.7954707462850249,1654.982849713516,14,0
SelectiveFac_10,string_data_10,14652,14652,35323,14652,18558,0.7895247332686712,1569.9351945756598,15,0
SelectiveFac_10,string_data_11,14656,14656,35894,14656,18633,0.7865614769494982,1323.4738794267632,14,0
SelectiveFac_10,string_data_12,14639,14639,35020,14639,18433,0.7941734931915586,1823.4237602379656,15,0
SelectiveFac_10,string_data_13,14705,14705,35859,14705,18726,0.785271814589341,2211.4561977636986,16,0
SelectiveFac_10,string_data_14,14526,14526,35145,14526,18396,0.7896281800391389,1421.0487810704788,14,0
SelectiveFac_10,string_data_15,14524,14524,35577,14524,18441,0.7875928637275635,1540.942189369311,14,0
SelectiveFac_10,string_data_16,14576,14576,34959,14576,18316,0.7958069447477615,1397.9584394002734,14,0
SelectiveFac_25,string_data_1,24843,24843,79045,24843,35209,0.7055866397796018,11360.870810210254,18,0
SelectiveFac_25,string_data_2,24943,24943,79781,24943,35396,0.7046841451011414,12546.397178610894,17,0
SelectiveFac_25,string_data_3,24949,24949,79462,24949,35338,0.70601052691154,12370.132141703209,18,0
SelectiveFac_25,string_data_4,25032,25032,79486,25032,35391,0.7072984657116216,10685.229364724208,17,0
SelectiveFac_25,string_data_5,24867,24867,78733,24867,34985,0.7107903387165928,16237.556421095229,19,0
SelectiveFac_25,string_data_6,25160,25160,80439,25160,35710,0.7045645477457295,12716.433771120606,17,0
SelectiveFac_25,string_data_7,25006,25006,79756,25006,35443,0.705527184493412,18880.519214233642,19,0
SelectiveFac_25,string_data_8,25025,25025,80141,25025,35716,0.7006663680143354,15959.457536549258,18,0
SelectiveFac_25,string_data_9,25059,25059,79609,25059,35434,0.7072021222554609,7972.217670082375,17,0
SelectiveFac_25,string_data_10,25135,25135,80017,25135,35574,0.7065553494124923,16564.239846901455,18,0
SelectiveFac_25,string_data_11,24813,24813,79251,24813,35418,0.7005759783161104,16919.159941792666,18,0
SelectiveFac_25,string_data_12,24755,24755,78581,24755,34988,0.707528295415571,11485.88741256975,17,0
SelectiveFac_25,string_data_13,24941,24941,79799,24941,35511,0.7023457520205006,11778.887559264636,17,0
SelectiveFac_25,string_data_14,24924,24924,79149,24924,35205,0.707967618236046,9133.504992345148,17,0
SelectiveFac_25,string_data_15,24889,24889,79360,24889,35375,0.7035759717314488,13793.78264151166,17,0
SelectiveFac_25,string_data_16,24889,24889,79365,24889,35318,0.7047114785661702,29325.804580507443,20,0
SelectiveFac_50,string_data_1,31607,31607,114534,31607,48768,0.6481094160104987,103498.27850901488,21,0
SelectiveFac_50,string_data_2,31805,31805,115464,31805,49021,0.648803573978499,112049.7998569049,20,0
SelectiveFac_50,string_data_3,31697,31697,115411,31697,49072,0.6459284316922074,59338.17637592849,19,0
SelectiveFac_50,string_data_4,31603,31603,114573,31603,48671,0.6493188962626616,36200.63804275242,19,0
SelectiveFac_50,string_data_5,31796,31796,114897,31796,48831,0.6511437406565501,359373.8952053304,23,0
SelectiveFac_50,string_data_6,32006,32006,116560,32006,49464,0.6470564450913796,108018.17774273633,21,0
SelectiveFac_50,string_data_7,31884,31884,115457,31884,49140,0.6488400488400489,425204.6267180879,23,0
SelectiveFac_50,string_data_8,31894,31894,116147,31894,49358,0.6461769115442278,52975.292348983334,19,0
SelectiveFac_50,string_data_9,31760,31760,115014,31760,48987,0.648335272623349,69795.4706381644,20,0
SelectiveFac_50,string_data_10,31902,31902,115352,31902,48934,0.6519393468753831,57759.05138587188,20,0
SelectiveFac_50,string_data_11,31680,31680,115026,31680,48963,0.6470191777464616,49930.66429944266,19,0
SelectiveFac_50,string_data_12,31655,31655,114969,31655,48897,0.6473812299323067,158640.86063422143,22,0
SelectiveFac_50,string_data_13,31789,31789,115879,31789,49314,0.6446242446364115,171755.8741444673,21,0
SelectiveFac_50,string_data_14,31636,31636,114637,31636,48718,0.6493698427685866,914230.6969561742,24,0
SelectiveFac_50,string_data_15,31870,31870,114808,31870,48778,0.653368321784411,70551.09142759215,20,0
SelectiveFac_50,string_data_16,31677,31677,114385,31677,48448,0.6538350396301189,52292.59838685935,19,0
SelectiveFac_75,string_data_1,34019,34019,130601,34019,54670,0.6222608377537955,16656813.6039427,27,0
SelectiveFac_75,string_data_2,34229,34229,132034,34229,55094,0.6212836243511091,370834.1345181361,22,0
SelectiveFac_75,string_data_3,34312,34312,132124,34312,55268,0.6208294130419049,142128.2387463744,20,0
SelectiveFac_75,string_data_4,34296,34296,131983,34296,55013,0.623416283423918,114810656.53951484,29,0
SelectiveFac_75,string_data_5,34312,34312,132124,34312,55168,0.6219547563805105,185342.4690946909,21,0
SelectiveFac_75,string_data_6,34375,34375,133228,34375,55745,0.6166472329356893,1377212.5816084836,24,0
SelectiveFac_75,string_data_7,34274,34274,132842,34274,55549,0.6170048065671749,272094.1687533697,22,0
SelectiveFac_75,string_data_8,34491,34491,134039,34491,56113,0.6146703972341525,215826.67735642847,21,0
SelectiveFac_75,string_data_9,34295,34295,132192,34295,55329,0.6198376981329863,174775.7442676129,22,0
SelectiveFac_75,string_data_10,34556,34556,133266,34556,55799,0.6192942525851718,151363.18870306594,20,0
SelectiveFac_75,string_data_11,34308,34308,132771,34308,55355,0.619781410893325,241298.46248131376,22,0
SelectiveFac_75,string_data_12,34407,34407,132500,34407,55385,0.6212331858806536,271238.3220976412,22,0
SelectiveFac_75,string_data_13,34115,34115,131172,34115,54747,0.6231391674429649,245869.25083250215,22,0
SelectiveFac_75,string_data_14,34256,34256,132223,34256,55202,0.620557226187457,257618.16454439107,21,0
SelectiveFac_75,string_data_15,34519,34519,132207,34519,55227,0.6250384775562677,454170.83186268917,23,0
SelectiveFac_75,string_data_16,34426,34426,132255,34426,55130,0.6244512969345184,110941.10553457454,20,0
SelectiveFac_100,string_data_1,35299,35299,140065,35299,58028,0.6083097814848004,729129.1481080872,23,0
SelectiveFac_100,string_data_2,35566,35566,141935,35566,58890,0.6039395483104092,460959.57083478116,22,0
SelectiveFac_100,string_data_3,35351,35351,141149,35351,58373,0.6056053312319052,910262.3727705061,22,0
SelectiveFac_100,string_data_4,35546,35546,141506,35546,58619,0.6063904194885618,261700.74565576747,21,0
SelectiveFac_100,string_data_5,35621,35621,141394,35621,58525,0.6086458778299871,334119.9235692987,21,0
SelectiveFac_100,string_data_6,35892,35892,143108,35892,59344,0.6048126179563225,274691.42661611136,20,0
SelectiveFac_100,string_data_7,35733,35733,142609,35733,59068,0.6049468409290987,780308.2753466476,23,0
SelectiveFac_100,string_data_8,35687,35687,143154,35687,59247,0.6023427346532314,4763528.799121102,25,0
SelectiveFac_100,string_data_9,35349,35349,142160,35349,58903,0.6001222348607032,617977.9770603691,23,0
SelectiveFac_100,string_data_10,35714,35714,142830,35714,59219,0.6030834698323173,6737772.115887717,26,0
SelectiveFac_100,string_data_11,35351,35351,142171,35351,58935,0.5998303215406804,2612173.582746092,25,0
SelectiveFac_100,string_data_12,35500,35500,141654,35500,58595,0.6058537417868419,422966.6825711505,22,0
SelectiveFac_100,string_data_13,35283,35283,140825,35283,58384,0.60432652781584,399277.4567449229,22,0
SelectiveFac_100,string_data_14,35528,35528,142187,35528,58831,0.6038993047882919,824682.5469785419,23,0
SelectiveFac_100,string_data_15,35634,35634,142213,35634,58816,0.6058555495103374,1762181.2994333545,24,0
SelectiveFac_100,string_data_16,35456,35456,140650,35456,58200,0.6092096219931271,277673.0523580274,22,0
